Model,Accuracy,Precision (Default),Recall (Default),F1 (Default)
Random Forest,0.8222811671087533,0.37735849056603776,0.0784313725490196,0.12987012987012986
XGBoost (GridSearchCV),0.8322281167108754,0.5227272727272727,0.09019607843137255,0.15384615384615385
