Model,Accuracy,Precision (Default),Recall (Default),F1 (Default)
Random Forest,0.8357142857142857,0.75,0.5675675675675675,0.6461538461538462
XGBoost (GridSearchCV),0.8214285714285714,0.7142857142857143,0.5405405405405406,0.6153846153846154
